decile,n,mean_proba,observed_churn_rate,avg_rev
10,1500,0.9982467033653848,0.9966666666666667,50.15105166666667
9,1500,0.9803908434663555,0.968,54.45544
8,1500,0.9086281143342495,0.8993333333333333,56.487388333333335
7,1500,0.7261805561852096,0.712,60.80477500000001
6,1500,0.46959499662169857,0.4573333333333333,62.050412777780004
5,1500,0.24591609568828707,0.2753333333333333,62.065456111066666
4,1500,0.10167948385160124,0.13066666666666665,65.921995
3,1500,0.031924475049184914,0.05333333333333334,66.66001944444668
2,1500,0.007774296139044079,0.016666666666666666,61.326923333353335
1,1500,0.0008858673735246927,0.0006666666666666666,53.58471555553333
